customer_id,full_name,total_spent,transaction_count,days_since_registration,avg_order_value
CUST0707,Rebecca Green,133807.83,7,,19115.4
CUST0383,Kenneth Smith,132586.86,5,,26517.37
CUST0611,Lisa Meadows,129518.13,6,,21586.36
CUST0909,Karl Mooney,124472.44,6,,20745.41
CUST0438,Cory Raymond,123330.75,5,,24666.15
CUST0780,Holly Vasquez,104019.25,7,,14859.89
CUST0667,Daniel Walker,101493.63,4,,25373.41
CUST0981,Christine Howard,99406.76,5,,19881.35
CUST0814,Erica Livingston,98724.0,5,,19744.8
CUST0768,Natalie Torres,96993.27,5,,19398.65
CUST0134,Angela Ramirez,96489.99,5,,19298.0
CUST0434,Ashley Logan,95309.87,6,,15884.98
CUST0861,Cindy Lynn,94844.74,7,,13549.25
CUST0407,John Carpenter,94508.04,3,,31502.68
CUST0522,Taylor Clark,93271.31,6,,15545.22
CUST0261,Anthony Henderson,92799.17,4,,23199.79
CUST0348,Evan Robles,92368.33,6,,15394.72
CUST0483,Robin Richardson,91798.65,3,,30599.55
CUST0845,Bonnie Lopez,91572.13,6,,15262.02
CUST0929,Christine Pierce,90697.51,5,,18139.5
CUST0043,William Calhoun,89500.41,4,,22375.1
CUST0415,William Hess,88730.48,5,,17746.1
CUST0225,Kyle Walker,88586.88,6,,14764.48
CUST0960,Glen Lewis,87768.12,5,,17553.62
CUST0637,Stanley Vargas,87635.93,3,,29211.98
CUST0143,Shaun Larson,87635.92,5,,17527.18
CUST0346,Abigail Winters,87567.01,4,,21891.75
CUST0280,Terri Strickland,86937.42,4,,21734.36
CUST0783,Lisa Jackson,86898.38,5,,17379.68
CUST0665,Edward Hernandez,86802.07,6,,14467.01
CUST0636,April Coleman,86715.56,5,,17343.11
CUST0887,Michael Mitchell,86509.35,3,,28836.45
CUST0468,Laura Winters,86272.49,5,,17254.5
CUST0782,Valerie Gibson,86136.75,5,,17227.35
CUST0848,Jeremy Carroll,85754.31,5,,17150.86
CUST0341,Haley Watkins,85741.65,5,,17148.33
CUST0558,Lori Mitchell,84249.96,5,,16849.99
CUST0813,Jason Lindsey,83798.94,4,,20949.74
CUST0918,Paula Dalton,83641.43,5,,16728.29
CUST0458,Lisa Harris,83177.2,5,,16635.44
CUST0051,Kimberly Flores,82759.15,4,,20689.79
CUST0218,Teresa Sanchez,82347.76,5,,16469.55
CUST0933,Christopher Jackson,82254.22,3,,27418.07
CUST0375,Suzanne Mcdaniel,81997.27,3,,27332.42
CUST0626,Robert Pierce,81172.86,5,,16234.57
CUST0604,Larry Hernandez,80859.78,3,,26953.26
CUST0074,Cynthia Kelly,79756.46,5,,15951.29
CUST0914,Louis Friedman,79042.03,4,,19760.51
CUST0357,Nicole White,77108.43,4,,19277.11
CUST0927,Kaitlin Johnson,76359.74,4,,19089.94
CUST0765,Stephen Bates,76053.05,3,,25351.02
CUST0564,Laura Liu,75046.36,4,,18761.59
CUST0794,Stacey Holt,74441.89,4,,18610.47
CUST0526,Laura Scott,74303.46,3,,24767.82
CUST0484,Rachel Johnson,74141.65,5,,14828.33
CUST0270,Debbie King,73251.78,3,,24417.26
CUST0888,Regina Martin,72858.9,5,,14571.78
CUST0988,Robin Hale,72715.98,4,,18179.0
CUST0108,Heidi Oliver,72301.26,4,,18075.32
CUST0289,Frank Brown,72235.59,5,,14447.12
CUST0351,Shelby Knox,72081.65,6,,12013.61
CUST0148,David Cordova,71955.62,3,,23985.21
CUST0685,Lawrence Wade,71615.67,3,,23871.89
CUST0844,Monica Hernandez,71496.45,4,,17874.11
CUST0473,Linda Cox,70848.03,4,,17712.01
CUST0374,Roger Smith,69653.46,3,,23217.82
CUST0390,Melvin Martin,69550.04,4,,17387.51
CUST0372,Alexis Santos,69439.79,4,,17359.95
CUST0446,Lindsay Blevins,69278.9,3,,23092.97
CUST0610,Robin Roberts,69068.55,2,,34534.28
CUST0708,Leonard Boyd,68362.39,4,,17090.6
CUST0585,George Butler,68307.08,5,,13661.42
CUST0040,Jennifer Morgan,68072.55,3,,22690.85
CUST0494,Dawn Phillips,67284.04,6,,11214.01
CUST0971,Katherine Williamson,67206.15,3,,22402.05
CUST0184,Todd Harper,66988.0,5,,13397.6
CUST0709,Kayla Rodriguez,66420.61,3,,22140.2
CUST0369,John Allen,66213.85,3,,22071.28
CUST0497,Danielle Cline,66126.43,5,,13225.29
CUST0394,Tammy Scott,66007.29,3,,22002.43
CUST0447,Rachel Moore,65921.36,3,,21973.79
CUST0312,Micheal Ayala,65707.17,3,,21902.39
CUST0650,Teresa Young,65509.58,3,,21836.53
CUST0900,Cassandra Day,65387.77,4,,16346.94
CUST0392,Amy Robinson,64794.14,5,,12958.83
CUST0167,Alicia Gutierrez,64510.9,5,,12902.18
CUST0537,Melissa Ayers,64342.57,4,,16085.64
CUST0276,Michelle Mccoy,64254.44,4,,16063.61
CUST0231,Stanley Stokes,63997.45,3,,21332.48
CUST0638,Terrence Gibbs,63901.36,5,,12780.27
CUST0766,Brittney Stephenson,63864.65,3,,21288.22
CUST0262,Albert Washington,63543.83,3,,21181.28
CUST0467,Janice Hall,63427.0,3,,21142.33
CUST0123,Daniel Wise,63411.42,2,,31705.71
CUST0651,Zachary Luna,62945.63,4,,15736.41
CUST0937,Jasmine Richards,62697.13,5,,12539.43
CUST0496,Cathy Levy,62601.75,4,,15650.44
CUST0523,Mark Rodriguez,62582.39,3,,20860.8
CUST0023,Kenneth Morgan,62026.0,3,,20675.33
CUST0048,Holly Robles,61669.43,4,,15417.36
CUST0243,Joel Davis,61541.43,5,,12308.29
CUST0767,Peter Williamson,61295.41,5,,12259.08
CUST0444,Amanda Kennedy,60926.97,2,,30463.49
CUST0116,Linda Maxwell,60853.62,5,,12170.72
CUST0345,Dawn Saunders,60851.02,4,,15212.76
CUST0038,Dominic Cole,60828.98,5,,12165.8
CUST0655,Bradley Johnson,60618.53,3,,20206.18
CUST0698,Justin Mason,59917.04,4,,14979.26
CUST0026,John Guerrero,59611.39,2,,29805.7
CUST0748,Lisa Knight,59503.82,4,,14875.96
CUST0727,Keith Gomez,59002.88,5,,11800.58
CUST0234,Kimberly Shaw,58872.19,4,,14718.05
CUST0847,John Johnson,58704.82,3,,19568.27
CUST0249,Alexander Matthews,58511.34,3,,19503.78
CUST0042,Tammy Stanley,58260.22,3,,19420.07
CUST0367,Jonathan Edwards,58254.83,2,,29127.42
CUST0326,Taylor George,58149.84,3,,19383.28
CUST0291,Claudia Hernandez,58118.02,3,,19372.67
CUST0951,Henry Mooney,58107.91,4,,14526.98
CUST0742,Desiree Mejia,58051.03,5,,11610.21
CUST0954,Robin Wall,57389.12,3,,19129.71
CUST0574,Robin Herman,56956.72,4,,14239.18
CUST0965,Crystal Thomas,56695.32,3,,18898.44
CUST0425,Shawn Allen,56457.45,5,,11291.49
CUST0100,Caitlyn Brandt,56338.41,3,,18779.47
CUST0739,Natalie Ramos,56283.36,5,,11256.67
CUST0251,Andrea Roberts,56063.37,3,,18687.79
CUST0559,Dustin Obrien,55838.72,2,,27919.36
CUST0710,Harold Daniels,55735.32,3,,18578.44
CUST0139,Jessica Jackson,55666.49,3,,18555.5
CUST0054,James Bentley,55565.1,3,,18521.7
CUST0001,Heather Robinson,55477.19,2,,27738.6
CUST0417,Gina Salinas,55412.74,3,,18470.91
CUST0217,Kristin Navarro,55398.2,4,,13849.55
CUST0732,Gary Baldwin,55295.65,4,,13823.91
CUST0358,Robert Webb,55140.99,3,,18380.33
CUST0011,Aaron Bright,55140.84,4,,13785.21
CUST0598,Lauren Russell,55124.66,5,,11024.93
CUST0419,Ashley Scott,55111.37,4,,13777.84
CUST0640,Anthony Gould,55028.29,5,,11005.66
CUST0406,Crystal Drake,54736.27,5,,10947.25
CUST0490,Jeffrey Medina,54659.06,3,,18219.69
CUST0827,Anne Walker,54571.23,5,,10914.25
CUST0354,Robin Jenkins,54438.65,2,,27219.33
CUST0854,Daniel Lucas,54421.97,4,,13605.49
CUST0003,Angela Miller,54263.84,5,,10852.77
CUST0264,Raymond Rodriguez,54194.59,2,,27097.3
CUST0145,Tommy Keller,54138.08,3,,18046.03
CUST0853,Michele Bright,54077.26,2,,27038.63
CUST0371,Maria Thomas,53988.26,3,,17996.09
CUST0182,Michael Martin,53412.53,2,,26706.27
CUST0044,Erin Thompson,53318.98,2,,26659.49
CUST0869,Jared Buck,53140.61,4,,13285.15
CUST0355,John Lopez,53113.5,5,,10622.7
CUST0589,Amanda Allen,53038.33,2,,26519.17
CUST0342,Donald Acosta,52733.77,3,,17577.92
CUST0395,Robert Black,52711.47,2,,26355.74
CUST0299,Michael Sanchez,52236.77,2,,26118.39
CUST0012,David Thompson,52144.72,4,,13036.18
CUST0525,Sean Phillips,51888.85,4,,12972.21
CUST0059,Daniel Gonzales,51792.24,4,,12948.06
CUST0175,Jeremiah Frank,51744.72,2,,25872.36
CUST0714,Nicole Anderson,51651.96,2,,25825.98
CUST0746,Erica Coleman,51647.76,2,,25823.88
CUST0582,George Turner,51584.7,3,,17194.9
CUST0203,Hannah Thompson,51391.49,2,,25695.75
CUST0260,Jeremiah Miller,51346.18,3,,17115.39
CUST0786,Heather Cox,51316.63,4,,12829.16
CUST0034,David Simmons,51290.48,2,,25645.24
CUST0017,Mary Clark,51287.16,3,,17095.72
CUST0570,Angel Thomas,51235.34,3,,17078.45
CUST0024,Kara Thompson,50964.12,3,,16988.04
CUST0092,Gloria Moran,50849.74,2,,25424.87
CUST0631,Christina Miller,50842.31,3,,16947.44
CUST0719,Zachary Rojas,50759.38,3,,16919.79
CUST0682,Adam Armstrong,50725.51,3,,16908.5
CUST0956,Jason Holmes,50648.3,4,,12662.08
CUST0019,Jerry Blevins,50424.27,3,,16808.09
CUST0388,William Ramirez,50263.09,2,,25131.55
CUST0423,Mark Krueger,50212.71,2,,25106.36
CUST0081,James Long,50212.54,3,,16737.51
CUST0028,Scott Franklin,50116.97,4,,12529.24
CUST0958,Jaime Hart,49959.43,3,,16653.14
CUST0945,Kevin Moore,49937.42,3,,16645.81
CUST0609,Jennifer Wilson,49793.6,3,,16597.87
CUST0343,Courtney Love,49769.24,2,,24884.62
CUST0702,Steven Henderson,49618.19,3,,16539.4
CUST0463,Scott Duke,49534.1,4,,12383.53
CUST0952,Steve Little,49430.99,3,,16477.0
CUST0563,Debbie Parker,49408.3,4,,12352.08
CUST0913,Bryan Mitchell,49171.07,4,,12292.77
CUST0629,Scott Welch,49169.72,3,,16389.91
CUST0171,Patricia Hicks,49078.13,4,,12269.53
CUST0308,Rachel Long,49022.26,3,,16340.75
CUST0244,Ashley Logan,49007.68,2,,24503.84
CUST0161,Melissa Ramirez,48755.05,3,,16251.68
CUST0877,Nicole Simmons,48677.87,4,,12169.47
CUST0562,Gabriel Preston,48650.53,2,,24325.27
CUST0864,Sarah Bernard,48188.41,3,,16062.8
CUST0102,Timothy Riley,48128.6,3,,16042.87
CUST0880,Tina York,48120.63,2,,24060.32
CUST0433,Karen Barajas,48055.25,2,,24027.63
CUST0509,Angela Ramirez,48026.67,2,,24013.34
CUST0452,Mark Harrison,47946.93,2,,23973.47
CUST0004,Pamela Wilson,47925.14,1,,47925.14
CUST0904,Sarah Harvey,47877.03,2,,23938.52
CUST0389,Kristen Finley,47842.86,2,,23921.43
CUST0149,Samuel Tapia,47660.89,2,,23830.45
CUST0418,Elizabeth Sullivan,47431.77,3,,15810.59
CUST0860,Kelly Bradley,47246.65,2,,23623.33
CUST0476,Amy Garza,46973.81,5,,9394.76
CUST0035,William Maldonado,46828.86,3,,15609.62
CUST0146,Jared Adams,46744.79,2,,23372.4
CUST0142,William Hansen,46742.16,2,,23371.08
CUST0850,Laura Peters,46706.45,4,,11676.61
CUST0323,Curtis Smith,46529.97,3,,15509.99
CUST0469,Keith Zuniga,46524.99,4,,11631.25
CUST0633,Gabriel Cabrera,46494.02,3,,15498.01
CUST0834,Michele Johnson,46302.51,3,,15434.17
CUST0973,Christina Baird,46133.49,3,,15377.83
CUST0304,Michael Velasquez,45999.75,3,,15333.25
CUST0398,Gloria Diaz,45690.68,2,,22845.34
CUST0825,Corey Bates,45536.29,1,,45536.29
CUST0169,Daniel Jackson,45525.19,2,,22762.6
CUST0734,Elizabeth Cook,45339.63,4,,11334.91
CUST0364,Susan Richards,45233.51,2,,22616.76
CUST0405,Carmen Mccall,45122.8,3,,15040.93
CUST0984,Angela Combs,45113.48,6,,7518.91
CUST0309,David Arellano,45034.93,2,,22517.47
CUST0499,Timothy Caldwell,45022.01,2,,22511.01
CUST0963,Emily Leonard,44969.45,4,,11242.36
CUST0731,Brianna Roberts,44866.81,5,,8973.36
CUST0699,Nathan Patrick,44831.32,5,,8966.26
CUST0451,Jerry Ramirez,44760.36,3,,14920.12
CUST0091,Crystal Torres,44611.83,2,,22305.92
CUST0399,Tiffany Hernandez,44490.55,4,,11122.64
CUST0538,Robin Thompson,44191.44,3,,14730.48
CUST0056,Edward Perkins,44110.33,2,,22055.17
CUST0060,Andrew Hughes,43809.12,4,,10952.28
CUST0093,Scott Key,43777.92,3,,14592.64
CUST0310,Tiffany Martin,43767.29,2,,21883.65
CUST0255,Charles Torres,43586.67,3,,14528.89
CUST0479,Kristy James,43586.67,3,,14528.89
CUST0824,Michaela Campbell,43546.19,2,,21773.1
CUST0721,Stephanie Marsh,43509.07,3,,14503.02
CUST0115,Brenda Fischer,43489.84,2,,21744.92
CUST0336,Lori Bailey,43479.43,2,,21739.72
CUST0486,Christopher Chaney,43433.42,3,,14477.81
CUST0705,Julia Pennington,43266.05,4,,10816.51
CUST0510,Scott Ortiz,43125.17,3,,14375.06
CUST0948,Glenda Morgan,43007.69,2,,21503.85
CUST0306,Laurie Richardson,42981.44,4,,10745.36
CUST0240,Joe Rios,42884.31,3,,14294.77
CUST0039,Lisa Grant,42846.75,2,,21423.38
CUST0297,John Garcia,42835.75,4,,10708.94
CUST0998,Dustin Jones,42764.35,3,,14254.78
CUST0046,John Moreno,42742.31,3,,14247.44
CUST0492,Veronica Stevens,42620.64,2,,21310.32
CUST0477,Angela Ward,42587.93,2,,21293.97
CUST0256,Brenda Harris,42571.95,2,,21285.98
CUST0151,Zachary Parks,42412.35,5,,8482.47
CUST0779,James Brown,42263.95,2,,21131.98
CUST0744,Amber Cantu,42243.6,3,,14081.2
CUST0381,Rodney Griffith,42215.14,2,,21107.57
CUST0247,Julia Bentley,42054.54,3,,14018.18
CUST0227,Marissa Eaton,41986.98,2,,20993.49
CUST0695,Tyler Fuller,41903.84,3,,13967.95
CUST0018,Carl Cannon,41782.97,1,,41782.97
CUST0556,Jesse Johnson,41748.67,2,,20874.34
CUST0062,Douglas Stark,41688.16,2,,20844.08
CUST0118,Michael Morris,41512.83,4,,10378.21
CUST0646,Kenneth Merritt,41283.03,2,,20641.52
CUST0530,Michael Coleman,41272.75,2,,20636.38
CUST0267,Roger Kelley,41218.86,3,,13739.62
CUST0437,David Hayden,41031.96,3,,13677.32
CUST0840,Mike Ingram,40920.7,3,,13640.23
CUST0600,Andrea Williams,40858.1,2,,20429.05
CUST0239,Lori Schmidt,40700.47,3,,13566.82
CUST0923,Nicholas Robinson,40426.24,4,,10106.56
CUST0594,Maria Rivera,40424.59,3,,13474.86
CUST0212,Benjamin Davis,40414.83,2,,20207.42
CUST0376,Elizabeth Clark,40346.59,2,,20173.3
CUST0774,Norman Robbins,40255.84,2,,20127.92
CUST0504,Tracy Cooke,40234.24,3,,13411.41
CUST0129,Keith Johnston,40216.82,2,,20108.41
CUST0778,Brandi Ramos,40111.81,2,,20055.91
CUST0627,Calvin Green,39875.91,2,,19937.96
CUST0408,Mary Woods,39825.88,4,,9956.47
CUST0962,Kevin Martin,39797.65,4,,9949.41
CUST0096,Sarah Franklin,39724.71,2,,19862.36
CUST0153,Karen Rios,39562.62,2,,19781.31
CUST0565,Alexander Castillo,39534.93,2,,19767.47
CUST0804,Alyssa Kramer,39505.11,3,,13168.37
CUST0817,Grant Murphy,39479.01,1,,39479.01
CUST0109,Angela Thornton,39402.9,2,,19701.45
CUST0070,Aaron Taylor,39376.38,2,,19688.19
CUST0704,Ashley Watts,39169.33,1,,39169.33
CUST0084,Kyle Cook,39112.07,3,,13037.36
CUST0771,Melissa Johnson,39111.87,3,,13037.29
CUST0615,William Castaneda,39017.82,4,,9754.46
CUST0858,William Stafford,38906.87,3,,12968.96
CUST0223,Lori Franklin,38884.5,4,,9721.13
CUST0572,Derek Thornton,38860.12,3,,12953.37
CUST0625,Amanda George,38621.35,3,,12873.78
CUST0697,Tiffany Fischer,38610.39,1,,38610.39
CUST0127,Kimberly Wagner,38523.62,2,,19261.81
CUST0132,Melissa Green,38465.88,2,,19232.94
CUST0789,Amanda Holmes,38440.95,2,,19220.48
CUST0687,Brian Parrish,38415.63,2,,19207.82
CUST0378,Jeremy Perry,38374.07,2,,19187.04
CUST0919,Glenn Jordan,38308.05,2,,19154.03
CUST0614,Jeffrey Smith,38297.11,2,,19148.56
CUST0164,Jessica Figueroa,38204.98,2,,19102.49
CUST0642,Adam Morris,38186.3,3,,12728.77
CUST0258,Alexis Peterson,38123.53,2,,19061.77
CUST0331,Dennis Morris,38100.09,2,,19050.05
CUST0644,Paula Ray,38077.79,2,,19038.9
CUST0607,Kelsey Lawson,38001.96,2,,19000.98
CUST0424,Robert Lewis,37944.76,3,,12648.25
CUST0569,Sonia Walters,37862.65,4,,9465.66
CUST0805,Erin Alvarez,37808.36,2,,18904.18
CUST0253,Mitchell Weber,37684.48,2,,18842.24
CUST0941,Joseph Miller,37667.86,1,,37667.86
CUST0683,Savannah Alvarado,37559.51,4,,9389.88
CUST0740,Kendra Simpson,37540.33,2,,18770.17
CUST0380,Katherine Salazar,37401.72,3,,12467.24
CUST0198,Sara Reed,37399.25,3,,12466.42
CUST0036,Cory Lawrence,37341.62,3,,12447.21
CUST0856,Teresa Walker,37280.79,3,,12426.93
CUST0124,Brandon Martinez,37214.17,2,,18607.09
CUST0976,Seth Mcneil,37140.73,3,,12380.24
CUST0272,Thomas Hernandez,36901.47,2,,18450.74
CUST0928,Joseph Hatfield,36872.43,1,,36872.43
CUST0214,Alex Thomas,36805.51,2,,18402.76
CUST0294,Michael Cooper,36706.72,1,,36706.72
CUST0236,Steven Andersen,36499.33,2,,18249.67
CUST0612,Lisa Smith,36451.67,2,,18225.84
CUST0811,Steven Ramirez,36352.21,3,,12117.4
CUST0678,Stephanie Herrera,36179.89,2,,18089.95
CUST0715,Ryan Mckee,36132.8,3,,12044.27
CUST0857,Bethany Daniels,36106.18,4,,9026.55
CUST0935,Amanda Miles,36082.82,5,,7216.56
CUST0531,Noah Maynard,36060.3,2,,18030.15
CUST0932,Lee Martinez,36004.9,2,,18002.45
CUST0186,Sarah Cortez,35958.4,3,,11986.13
CUST0316,Sarah Marshall,35882.53,3,,11960.84
CUST0777,Melinda Bailey,35859.49,2,,17929.75
CUST0859,David Washington,35667.6,3,,11889.2
CUST0798,James Mccoy,35654.55,4,,8913.64
CUST0373,Christine Johnson,35542.63,2,,17771.32
CUST0320,John Lawrence,35318.47,2,,17659.24
CUST0281,Kristin Bowers,35226.01,2,,17613.01
CUST0645,Dustin Fuentes,35188.08,3,,11729.36
CUST0764,Gabrielle Hernandez,35151.63,3,,11717.21
CUST0337,Laura Adams,35095.26,3,,11698.42
CUST0808,Scott Wang,35055.84,3,,11685.28
CUST0920,Mathew Curry,35020.2,2,,17510.1
CUST0413,Jonathan Welch,34908.08,3,,11636.03
CUST0532,Stephanie Ramirez,34674.6,3,,11558.2
CUST0508,Elizabeth Scott,34517.4,4,,8629.35
CUST0593,Connor Curtis,34413.93,3,,11471.31
CUST0534,David Hunt,34261.13,2,,17130.57
CUST0617,Valerie Woods,34141.05,3,,11380.35
CUST0503,Peter Carter,34133.44,2,,17066.72
CUST0335,Margaret Good,33923.39,2,,16961.7
CUST0758,Joel Johnson,33896.15,2,,16948.08
CUST0302,Shannon Berry,33870.02,2,,16935.01
CUST0807,Kimberly Mckinney,33747.05,3,,11249.02
CUST0107,Rose Rodriguez,33687.82,3,,11229.27
CUST0943,Daniel Herrera,33670.31,3,,11223.44
CUST0867,Dominic Miller,33635.22,2,,16817.61
CUST0283,Michael Bryant,33623.51,3,,11207.84
CUST0329,Benjamin Nguyen,33596.68,1,,33596.68
CUST0822,Adrian Dodson,33560.39,4,,8390.1
CUST0204,John Anthony,33470.25,2,,16735.13
CUST0199,Jonathan Morales,33460.34,3,,11153.45
CUST0271,Kim Green,33458.39,3,,11152.8
CUST0285,Justin Jackson,33417.65,2,,16708.83
CUST0751,Robert Craig,33376.14,3,,11125.38
CUST0606,Justin Lee,33342.9,2,,16671.45
CUST0005,Lisa Robertson,33253.04,3,,11084.35
CUST0064,Debra Andrade,33229.72,2,,16614.86
CUST0514,Traci Edwards,33153.81,2,,16576.91
CUST0911,Courtney Henderson,33151.1,2,,16575.55
CUST0047,Charles Jones,33140.6,3,,11046.87
CUST0174,Pamela Padilla,32919.95,3,,10973.32
CUST0544,Cynthia Patel,32857.81,2,,16428.91
CUST0924,Joseph Horton,32815.64,2,,16407.82
CUST0874,Phyllis Delacruz,32596.79,3,,10865.6
CUST0183,Katie Thornton,32550.03,2,,16275.02
CUST0535,James Richardson,32436.84,4,,8109.21
CUST0215,Marcus Flores,32391.47,1,,32391.47
CUST0729,Christopher Melton,32349.98,2,,16174.99
CUST0938,Joseph Jones,32243.83,2,,16121.92
CUST0528,Abigail Wise,32237.7,2,,16118.85
CUST0942,Aaron Holt,32081.04,5,,6416.21
CUST0703,Robert Williamson,32020.56,3,,10673.52
CUST0602,Michael Martinez,32002.8,4,,8000.7
CUST0912,Theodore Smith,31848.97,3,,10616.32
CUST0632,Elizabeth Watson,31833.56,2,,15916.78
CUST0332,Ronald Briggs,31814.72,1,,31814.72
CUST0871,John Butler,31709.52,1,,31709.52
CUST0321,Dustin Hahn,31642.95,2,,15821.48
CUST0670,Abigail Schroeder,31632.63,2,,15816.32
CUST0187,Katherine Perez,31622.22,2,,15811.11
CUST0591,Edward Hopkins,31540.92,2,,15770.46
CUST0071,James Warner,31410.75,2,,15705.38
CUST0403,Isaac Alexander,31408.98,2,,15704.49
CUST0194,Daniel Marsh,31366.43,1,,31366.43
CUST0453,Jamie Davis,31239.5,1,,31239.5
CUST0906,Regina Gaines,31197.91,4,,7799.48
CUST0328,Eileen Mejia,31193.36,2,,15596.68
CUST0402,Michael Smith,31115.28,2,,15557.64
CUST0851,Steven Garrison,31039.19,2,,15519.6
CUST0410,April Heath,31005.1,2,,15502.55
CUST0066,Stephanie Jones,30985.31,1,,30985.31
CUST0022,Corey Montgomery,30844.86,1,,30844.86
CUST0836,Aaron Thompson,30836.57,2,,15418.29
CUST0073,Robert Mills,30746.59,3,,10248.86
CUST0311,Chad Romero,30693.31,2,,15346.66
CUST0268,Brooke Richardson,30639.69,2,,15319.85
CUST0613,Jacqueline Combs,30482.1,3,,10160.7
CUST0618,Sarah Shields,30442.51,1,,30442.51
CUST0893,Rodney Beck,30254.07,2,,15127.04
CUST0498,David Rodriguez,30231.44,1,,30231.44
CUST0590,Ronald Santiago,30173.43,2,,15086.72
CUST0440,Allison Price,30087.57,2,,15043.79
CUST0681,Bradley Tran,30023.83,2,,15011.92
CUST0548,Tom Williams,29896.13,2,,14948.07
CUST0318,Wendy Stevenson,29794.6,3,,9931.53
CUST0967,Kimberly Mccormick,29677.8,3,,9892.6
CUST0178,Kevin Hays,29667.57,1,,29667.57
CUST0189,Stephanie Payne,29629.93,3,,9876.64
CUST0154,Cynthia Buck,29582.58,2,,14791.29
CUST0947,Kelsey Mcguire,29449.91,1,,29449.91
CUST0362,Brian Martin,29438.18,2,,14719.09
CUST0006,Elizabeth Perry,29389.57,2,,14694.79
CUST0573,Andrew Gregory,29367.75,2,,14683.88
CUST0596,Andrew Velez,29280.06,2,,14640.03
CUST0994,Brian Villegas,29274.01,2,,14637.01
CUST0718,Paul Robertson,29174.45,4,,7293.61
CUST0412,Timothy Haley,29074.06,2,,14537.03
CUST0314,Kimberly Mueller,29010.42,2,,14505.21
CUST0237,Shawn Hodge,28944.01,3,,9648.0
CUST0387,Robin Bailey,28820.97,2,,14410.49
CUST0628,Vickie Turner,28753.54,3,,9584.51
CUST0875,David Cardenas,28544.48,2,,14272.24
CUST0487,Kevin Velasquez,28474.23,2,,14237.12
CUST0400,Amanda Stout,28438.06,2,,14219.03
CUST0736,Randall Gates,28420.76,2,,14210.38
CUST0325,Joseph Smith,28371.69,1,,28371.69
CUST0878,David Stone,28316.65,1,,28316.65
CUST0207,Patricia Chandler,28128.39,2,,14064.2
CUST0333,Seth Gray,28121.66,3,,9373.89
CUST0277,Dean Kelly,28049.98,1,,28049.98
CUST0693,Lauren Friedman,27951.65,2,,13975.83
CUST0008,Jared Carlson,27923.24,3,,9307.75
CUST0485,Allison Holder,27846.68,2,,13923.34
CUST0037,Nancy Barrett,27695.62,2,,13847.81
CUST0675,Cynthia Jenkins,27693.63,2,,13846.82
CUST0605,Maria Hunter,27614.32,2,,13807.16
CUST0461,Kim Calderon,27514.53,1,,27514.53
CUST0441,Allen Lawrence,27480.0,2,,13740.0
CUST0366,Judith Thomas,27302.97,2,,13651.49
CUST0561,John Taylor,27300.36,2,,13650.18
CUST0901,Raymond Williams,27282.06,4,,6820.52
CUST0527,Christian Joseph,27278.01,2,,13639.01
CUST0577,Devin Robles,26996.06,2,,13498.03
CUST0865,Brittany Simpson,26773.25,4,,6693.31
CUST0557,Matthew Davis,26685.69,2,,13342.85
CUST0279,Thomas Mcbride,26668.47,1,,26668.47
CUST0370,Jacob Hartman,26657.98,2,,13328.99
CUST0300,Michael James,26651.74,2,,13325.87
CUST0684,Jessica Martin,26585.32,2,,13292.66
CUST0031,David Travis,26546.32,2,,13273.16
CUST0033,Annette Murillo,26542.59,3,,8847.53
CUST0968,Rose Snyder,26346.65,2,,13173.33
CUST0457,Michael Ross,26301.34,1,,26301.34
CUST0052,Sandra Shaffer,26202.73,1,,26202.73
CUST0809,Aaron Ferguson,26159.57,2,,13079.79
CUST0939,Laurie Brooks,26064.75,2,,13032.38
CUST0282,Ian Johnson,26017.14,2,,13008.57
CUST0002,Timothy Smith,26008.23,4,,6502.06
CUST0934,Roger Harrington,25951.86,1,,25951.86
CUST0815,Scott Roberts,25821.23,2,,12910.62
CUST0959,Kelsey Cooper,25813.46,2,,12906.73
CUST0566,Melissa Molina,25794.35,2,,12897.18
CUST0841,Ryan Gonzales,25565.27,1,,25565.27
CUST0533,Melissa Holt,25540.5,2,,12770.25
CUST0349,Bridget Fischer,25419.29,1,,25419.29
CUST0233,Kevin Hess,25264.68,2,,12632.34
CUST0922,Brittany Bowman,25248.79,3,,8416.26
CUST0712,Rebecca Martin,25238.69,2,,12619.35
CUST0630,Christian Bradley,25178.1,1,,25178.1
CUST0439,Jeremy Browning,25175.58,2,,12587.79
CUST0445,Ryan Fox,25168.16,2,,12584.08
CUST0442,Caleb Espinoza,25069.61,2,,12534.81
CUST0908,Hunter Oliver,25035.83,2,,12517.92
CUST0049,Mark Yates,24982.7,2,,12491.35
CUST0157,Michele Mccall,24847.0,2,,12423.5
CUST0884,Emma Morris,24789.27,3,,8263.09
CUST0915,Richard Reyes,24786.02,2,,12393.01
CUST0886,Kevin Evans,24709.37,2,,12354.69
CUST0890,Brianna Anderson,24604.93,1,,24604.93
CUST0806,Diane Martinez,24578.33,2,,12289.17
CUST0686,Carolyn Fuller,24400.01,2,,12200.01
CUST0666,Michael Stevens,24387.07,2,,12193.54
CUST0661,Amanda Miller,24252.13,1,,24252.13
CUST0592,Hailey Davenport,24047.25,1,,24047.25
CUST0551,Troy Thompson,23932.35,2,,11966.18
CUST0982,Teresa Garcia,23908.55,2,,11954.28
CUST0089,Jose Walsh,23898.43,1,,23898.43
CUST0820,Douglas Ballard,23793.6,2,,11896.8
CUST0839,Todd Thompson,23788.21,2,,11894.11
CUST0386,Bradley Shaffer,23767.41,2,,11883.71
CUST0293,Beth Smith,23726.95,3,,7908.98
CUST0542,Joshua Romero,23631.63,1,,23631.63
CUST0165,Tyler Mcgrath,23496.71,2,,11748.36
CUST0796,Manuel Alvarez,23477.87,1,,23477.87
CUST0303,Amber Gibson,23396.5,2,,11698.25
CUST0769,Alexander Stafford,23342.02,2,,11671.01
CUST0837,Theresa Mendez,23321.46,2,,11660.73
CUST0361,Thomas Murphy,23293.75,2,,11646.88
CUST0478,Christopher Anderson,23252.43,1,,23252.43
CUST0382,Christopher Fox,23113.9,1,,23113.9
CUST0787,Elizabeth Noble,23105.22,1,,23105.22
CUST0421,Stephen Cooper,22976.39,2,,11488.2
CUST0669,Regina Stein,22942.81,1,,22942.81
CUST0795,Joseph Sherman,22903.39,2,,11451.7
CUST0471,Allen Diaz,22830.41,2,,11415.21
CUST0539,Cynthia Turner,22829.06,3,,7609.69
CUST0061,Sara Obrien,22775.72,1,,22775.72
CUST0657,Jasmine Chavez,22771.47,2,,11385.74
CUST0529,Teresa Fuentes,22702.74,2,,11351.37
CUST0229,Thomas Williams,22612.95,2,,11306.48
CUST0053,Kelsey Boyer,22565.1,2,,11282.55
CUST0111,Aimee Howe,22518.79,4,,5629.7
CUST0816,Blake Evans,22447.43,1,,22447.43
CUST0995,Terry Nelson,22391.52,3,,7463.84
CUST0120,Terri Crawford,22371.17,1,,22371.17
CUST0195,Monique Gutierrez,22249.5,2,,11124.75
CUST0741,Jacob Simpson,22194.79,1,,22194.79
CUST0245,Reginald Patterson,22140.5,2,,11070.25
CUST0722,Tina Terry,22038.77,2,,11019.39
CUST0480,Carolyn Kennedy,22019.23,2,,11009.62
CUST0501,Katie Jackson,21998.73,2,,10999.37
CUST0819,Noah Holmes,21937.51,1,,21937.51
CUST0843,Henry Bonilla,21886.14,2,,10943.07
CUST0259,Mark Clay,21755.71,2,,10877.86
CUST0482,Michael Burch,21685.84,2,,10842.92
CUST0634,Ian Hudson,21622.1,2,,10811.05
CUST0701,Veronica Martinez,21569.93,1,,21569.93
CUST0246,Jacob Lopez,21439.3,2,,10719.65
CUST0078,Andrea Garrison,21399.92,1,,21399.92
CUST0567,Hayden Anderson,21398.96,1,,21398.96
CUST0055,Brent Reid,21284.75,3,,7094.92
CUST0622,Amy Vincent,21189.08,2,,10594.54
CUST0866,Matthew Jones,21106.15,1,,21106.15
CUST0516,Michael Harvey,21031.01,2,,10515.51
CUST0552,Elizabeth Rich,20934.17,1,,20934.17
CUST0898,Lindsey Miller,20860.59,1,,20860.59
CUST0443,Amy Stevens,20858.86,2,,10429.43
CUST0114,Steve Hernandez,20818.97,2,,10409.49
CUST0659,Robert Pham,20786.05,1,,20786.05
CUST0520,Raymond Sanchez,20755.88,2,,10377.94
CUST0130,Karen Mitchell,20751.9,2,,10375.95
CUST0946,Rebecca Lopez,20721.28,3,,6907.09
CUST0353,Jennifer Fitzpatrick,20653.49,2,,10326.75
CUST0072,Christopher Allen,20616.03,1,,20616.03
CUST0242,Hannah Chen,20579.0,1,,20579.0
CUST0041,Sarah Meyer,20553.67,1,,20553.67
CUST0660,Sarah Perez,20548.75,1,,20548.75
CUST0393,Lindsay Sparks,20359.0,2,,10179.5
CUST0319,Karla Jackson,20322.7,1,,20322.7
CUST0926,Melinda Perez,20275.36,1,,20275.36
CUST0578,James Wheeler,20247.8,3,,6749.27
CUST0855,Caitlin Stewart,20237.88,1,,20237.88
CUST0974,Matthew Mitchell,20166.85,1,,20166.85
CUST0540,Nicole Combs,20130.8,2,,10065.4
CUST0021,Nicholas Kaiser,19961.09,2,,9980.55
CUST0793,Shawn Tran,19824.52,1,,19824.52
CUST0664,Brenda Price,19813.29,3,,6604.43
CUST0580,Michael Clarke,19803.51,1,,19803.51
CUST0547,Randy Mclaughlin,19772.09,1,,19772.09
CUST0502,Anthony Wright,19750.86,1,,19750.86
CUST0427,Adam Wilcox,19701.49,1,,19701.49
CUST0921,April Hayes,19694.59,1,,19694.59
CUST0876,Sierra Gordon,19694.2,1,,19694.2
CUST0131,Melissa Larson,19620.91,2,,9810.46
CUST0674,Teresa Cox,19519.66,3,,6506.55
CUST0235,Jeffrey Cunningham,19484.22,1,,19484.22
CUST0489,Cynthia Rodriguez,19438.83,2,,9719.42
CUST0301,David Johnson,19428.89,1,,19428.89
CUST0429,Nicholas Davis,19393.98,3,,6464.66
CUST0414,Kristen Lloyd,19390.11,1,,19390.11
CUST0379,Nathan Morse,19330.18,3,,6443.39
CUST0916,Maria Wilson,19252.34,1,,19252.34
CUST0010,Patricia Pruitt,19251.64,2,,9625.82
CUST0852,William Bailey,19132.73,2,,9566.37
CUST0191,David Mcfarland,19113.23,2,,9556.62
CUST0141,Sarah Stewart,19088.54,1,,19088.54
CUST0975,Donna Browning,19085.7,2,,9542.85
CUST0601,Lori Martinez,19062.46,2,,9531.23
CUST0925,Jennifer Martin,19046.83,1,,19046.83
CUST0842,Mary Edwards,19001.41,1,,19001.41
CUST0647,Christine Jenkins,18993.32,1,,18993.32
CUST0788,Ricky Dawson,18935.21,2,,9467.61
CUST0587,Shane Cooper,18800.52,2,,9400.26
CUST0881,Carla Bruce,18741.92,1,,18741.92
CUST0775,James Foster,18718.66,3,,6239.55
CUST0979,Steven Alexander,18646.04,2,,9323.02
CUST0991,Christopher Flowers,18631.38,2,,9315.69
CUST0726,Keith Morgan,18455.78,1,,18455.78
CUST0641,Amber Mann,18399.82,2,,9199.91
CUST0999,Jesse Hunt,18367.61,2,,9183.81
CUST0799,Cole Ward,18352.88,2,,9176.44
CUST0791,Stephen Lopez,18340.56,3,,6113.52
CUST0892,Donna Maxwell,18324.0,2,,9162.0
CUST0506,Dominique Allison,18292.93,2,,9146.47
CUST0690,Mary Rodriguez,18235.39,1,,18235.39
CUST0696,Victor Padilla,18192.99,2,,9096.5
CUST0730,Joseph Velasquez,18183.61,1,,18183.61
CUST0065,Theresa Henderson,18109.28,1,,18109.28
CUST0020,Daniel Anderson,18028.01,1,,18028.01
CUST0404,Rachael Phillips,18021.86,2,,9010.93
CUST0077,Christian Brennan,17986.01,3,,5995.34
CUST0801,Kelsey Cooper,17852.47,1,,17852.47
CUST0068,Crystal Ramirez,17844.96,2,,8922.48
CUST0180,Thomas Yates,17769.36,1,,17769.36
CUST0743,James Simmons,17468.61,1,,17468.61
CUST0944,Donna Brown,17410.34,1,,17410.34
CUST0713,Mitchell Howe,17401.71,1,,17401.71
CUST0889,Christina Robinson,17334.56,1,,17334.56
CUST0275,Troy Price,17264.86,1,,17264.86
CUST0500,Lawrence Hines,17160.96,1,,17160.96
CUST0543,Barry Holmes,17008.86,1,,17008.86
CUST0870,Danielle Young,16780.11,2,,8390.06
CUST0117,Sherry Banks,16764.41,1,,16764.41
CUST0773,Stephen Clayton,16711.98,2,,8355.99
CUST0250,Robert Moore,16693.67,1,,16693.67
CUST0213,Ronald Delgado,16683.58,4,,4170.9
CUST0571,Larry Scott,16409.26,1,,16409.26
CUST0536,Jose Owen,16202.16,2,,8101.08
CUST0597,Robert Grant,16200.91,1,,16200.91
CUST0158,Jeffrey Holt,16199.41,2,,8099.71
CUST0863,Debra Taylor,16155.4,2,,8077.7
CUST0173,Eric Henderson,16058.62,1,,16058.62
CUST0121,Hannah Thompson,16032.65,1,,16032.65
CUST0435,Robin Bennett,16021.12,1,,16021.12
CUST0076,Erika Escobar,16017.19,1,,16017.19
CUST0105,Paul Austin,15914.75,2,,7957.38
CUST0377,Alan Porter,15854.94,2,,7927.47
CUST0785,Diane Brady,15792.61,2,,7896.31
CUST0185,James Gibbs,15758.71,2,,7879.36
CUST0475,Isabella Washington,15725.35,2,,7862.68
CUST0513,James Mitchell,15711.9,1,,15711.9
CUST0340,Janet Rodriguez,15706.65,1,,15706.65
CUST0671,Andrea Jones,15697.5,2,,7848.75
CUST0069,Kyle Hughes,15648.01,1,,15648.01
CUST0274,Carol Wilson,15602.53,1,,15602.53
CUST0221,Donna Bell,15506.64,1,,15506.64
CUST0269,Richard Burnett,15490.94,1,,15490.94
CUST0464,Ryan Wagner,15314.32,1,,15314.32
CUST0144,Carlos Summers,15312.02,2,,7656.01
CUST0045,Eric Jensen,15262.04,1,,15262.04
CUST0828,Jeremy Hart,15233.26,2,,7616.63
CUST0368,Daniel Gutierrez,15129.82,2,,7564.91
CUST0248,Stephanie Lopez,15113.73,1,,15113.73
CUST0720,Emily Miller,15108.08,1,,15108.08
CUST0257,Clinton Johns,15044.25,2,,7522.13
CUST0181,Catherine Gilbert,15027.32,1,,15027.32
CUST0749,Timothy Dillon,15008.57,1,,15008.57
CUST0411,Amy Nichols,14952.05,2,,7476.03
CUST0838,April Petersen,14895.87,2,,7447.94
CUST0668,Joshua Suarez,14880.13,1,,14880.13
CUST0930,Candace Simmons,14808.13,1,,14808.13
CUST0716,Gary King,14775.98,2,,7387.99
CUST0711,Anita Shields,14772.35,2,,7386.18
CUST0288,Mary Valencia,14624.83,1,,14624.83
CUST0278,Melissa Townsend,14559.91,2,,7279.96
CUST0431,Ryan Jackson,14545.92,2,,7272.96
CUST0110,Emily Crawford,14501.73,1,,14501.73
CUST0080,Karina Ray,14369.72,1,,14369.72
CUST0224,Erica Montoya,14355.2,1,,14355.2
CUST0284,April Johnson,14289.25,1,,14289.25
CUST0560,Louis Ortiz,14146.68,1,,14146.68
CUST0160,Barbara Kim,14117.2,1,,14117.2
CUST0868,John Collins,14110.7,1,,14110.7
CUST0797,Sarah Wang,14080.7,2,,7040.35
CUST0307,Christopher Pratt,14079.0,1,,14079.0
CUST0287,Susan Newton,14034.36,1,,14034.36
CUST0821,Rodney Wilson,13776.33,1,,13776.33
CUST0810,Danielle Perez,13735.04,1,,13735.04
CUST0208,Robert Macias,13690.96,2,,6845.48
CUST0747,James Gray,13675.49,2,,6837.75
CUST0495,William Morgan,13664.41,1,,13664.41
CUST0057,Kimberly Perez,13560.9,2,,6780.45
CUST0757,Nicole Jackson,13550.56,1,,13550.56
CUST0202,Barbara Bruce,13483.3,1,,13483.3
CUST0015,Kyle Harrell,13458.93,2,,6729.47
CUST0177,Alison Stevenson,13436.81,4,,3359.2
CUST0101,Kimberly Carpenter,13304.12,1,,13304.12
CUST0897,Danny Mejia,13265.49,1,,13265.49
CUST0330,Karen Rodgers,13238.19,2,,6619.1
CUST0753,Michael Walton,13234.18,1,,13234.18
CUST0949,James Armstrong,13185.02,1,,13185.02
CUST0896,Robert Parker,13112.45,2,,6556.23
CUST0238,Melissa Price,12874.03,1,,12874.03
CUST0964,Bill Sosa,12823.86,2,,6411.93
CUST0087,Dominic Mcdonald,12717.4,1,,12717.4
CUST0677,Theresa Stein,12696.07,1,,12696.07
CUST0094,James King,12694.87,2,,6347.44
CUST0147,Kenneth Fisher,12600.98,1,,12600.98
CUST0179,James Wilson,12600.98,1,,12600.98
CUST0957,Brian Garza,12590.0,2,,6295.0
CUST0894,Amber Martin,12532.76,1,,12532.76
CUST0138,Spencer Adams,12486.73,2,,6243.37
CUST0652,Charles Bowman,12439.08,1,,12439.08
CUST0163,Cynthia Larsen,12349.23,1,,12349.23
CUST0466,Daniel Mclaughlin,12343.0,1,,12343.0
CUST0689,Ray Mason,12337.56,1,,12337.56
CUST0206,Douglas Dudley,12223.33,1,,12223.33
CUST0135,Carol Reed,12201.97,1,,12201.97
CUST0396,Albert Berg,11983.31,1,,11983.31
CUST0397,Andrew Bonilla,11922.25,1,,11922.25
CUST0680,Phillip Perkins,11835.48,1,,11835.48
CUST0568,Lauren Charles,11822.63,2,,5911.32
CUST0201,Christian Barnes,11757.5,2,,5878.75
CUST0032,Maria Schneider,11699.75,2,,5849.88
CUST0030,Rebekah Cochran,11691.65,1,,11691.65
CUST0090,Matthew Davis,11649.03,1,,11649.03
CUST0818,David Baxter,11536.94,2,,5768.47
CUST0401,Thomas Simmons,11468.98,2,,5734.49
CUST0205,Rebecca Coleman,11400.15,3,,3800.05
CUST0166,Michael Hernandez,11257.71,1,,11257.71
CUST0829,Stephen Ferguson,11172.79,1,,11172.79
CUST0339,Lucas Gutierrez,11141.12,1,,11141.12
CUST0192,Paul Anthony,11050.96,1,,11050.96
CUST0735,Daniel Gardner,10978.2,1,,10978.2
CUST0322,Alicia Greene,10700.84,2,,5350.42
CUST0517,Patrick Mueller,10654.34,1,,10654.34
CUST0086,James Moss,10557.75,2,,5278.88
CUST0210,Antonio Short,10470.89,2,,5235.45
CUST0481,Brandon Molina,10453.63,1,,10453.63
CUST0029,Cathy Hess,10291.41,2,,5145.71
CUST0831,Norma Jimenez,10108.54,1,,10108.54
CUST0292,Amanda Delgado,10102.56,2,,5051.28
CUST0196,Elizabeth Clark,10095.06,1,,10095.06
CUST0013,Amber Moss,9965.72,1,,9965.72
CUST0511,Mary Dawson,9664.19,1,,9664.19
CUST0862,April Grimes,9645.8,2,,4822.9
CUST0950,Patricia Garcia,9588.77,1,,9588.77
CUST0639,Diamond Cook,9470.13,1,,9470.13
CUST0228,Joseph Mitchell,9411.41,2,,4705.71
CUST0226,Julie Gregory,9394.94,1,,9394.94
CUST0119,Sarah Phillips,9358.74,1,,9358.74
CUST0454,Brandy Carpenter,9221.15,1,,9221.15
CUST0692,Jason Kelly,9180.24,1,,9180.24
CUST0662,John Wood,9166.66,1,,9166.66
CUST0512,Jennifer Obrien,9162.62,1,,9162.62
CUST0823,David Farmer,9148.4,1,,9148.4
CUST0519,Malik Nichols,9080.09,2,,4540.05
CUST0691,Debbie Potter,9036.18,1,,9036.18
CUST0752,Christopher Bowman,9034.37,1,,9034.37
CUST0990,Donna Rosales,9020.85,1,,9020.85
CUST0273,David Jordan,8949.21,1,,8949.21
CUST0097,Christine Thomas,8888.85,3,,2962.95
CUST0222,Margaret Alvarez,8589.6,1,,8589.6
CUST0554,Amy Wiley,8468.06,1,,8468.06
CUST0917,Michael Conrad,8465.26,2,,4232.63
CUST0803,Leslie Hernandez,8377.24,2,,4188.62
CUST0140,Sharon Mays,8276.14,1,,8276.14
CUST0679,Kimberly Lowe,8111.11,1,,8111.11
CUST0170,Eric Jackson,8072.63,1,,8072.63
CUST0936,Alison Hanson,8025.6,2,,4012.8
CUST0812,Amber Bryan,7986.8,1,,7986.8
CUST0317,Maurice Smith,7980.55,2,,3990.28
CUST0583,Brittany Martinez,7844.62,1,,7844.62
CUST0449,Daniel Lucas,7835.4,1,,7835.4
CUST0977,Heather Reid,7826.93,2,,3913.47
CUST0422,Monica Hancock,7691.65,1,,7691.65
CUST0455,Jacob Perez,7657.33,1,,7657.33
CUST0989,Johnny Allen,7635.86,1,,7635.86
CUST0969,Jimmy Moore,7629.85,1,,7629.85
CUST0728,Sandra Brown,7561.79,1,,7561.79
CUST0835,Michelle Page,7542.72,1,,7542.72
CUST0420,Krystal Rivera,7423.86,2,,3711.93
CUST0150,Robert Mclaughlin,7422.73,1,,7422.73
CUST0136,Natalie Moss,7361.26,1,,7361.26
CUST0266,John Lucas,7294.29,1,,7294.29
CUST0083,Stephen Scott,7218.79,1,,7218.79
CUST0940,Tiffany Kennedy,7210.48,1,,7210.48
CUST0491,Melissa Alvarez,7161.67,1,,7161.67
CUST0025,Kimberly Coleman,7137.05,1,,7137.05
CUST0099,Christopher Mitchell,7074.48,1,,7074.48
CUST0338,Kelly Gonzalez,6936.87,1,,6936.87
CUST0588,Darin Garcia,6798.01,2,,3399.01
CUST0903,Mark Joseph,6704.43,2,,3352.22
CUST0125,Nicole Kelley,6593.84,2,,3296.92
CUST0759,Glenn Jimenez,6541.78,2,,3270.89
CUST0459,Samuel Nguyen,6538.27,1,,6538.27
CUST0009,Stephanie Mcgee,6532.47,1,,6532.47
CUST0654,Patricia Camacho,6399.0,1,,6399.0
CUST0112,Frances Miller,6362.84,1,,6362.84
CUST0365,Melissa Walker,6207.51,1,,6207.51
CUST0137,Catherine Hansen,6185.88,1,,6185.88
CUST0007,Anna Arias,6156.9,1,,6156.9
CUST0113,Sally Larson,6112.39,1,,6112.39
CUST0725,Brian Knapp,6046.0,1,,6046.0
CUST1000,Renee Leon,6026.32,3,,2008.77
CUST0063,Matthew Wilson,5824.42,1,,5824.42
CUST0737,Levi Curry,5741.55,1,,5741.55
CUST0575,Jennifer Duarte,5698.24,1,,5698.24
CUST0676,Austin Chan,5595.22,1,,5595.22
CUST0426,Tiffany Perry,5562.86,1,,5562.86
CUST0620,Kenneth Smith,5393.55,1,,5393.55
CUST0098,Julie Wilson,5347.28,2,,2673.64
CUST0830,Jessica Rivera,4934.07,1,,4934.07
CUST0505,Jennifer Young,4904.65,1,,4904.65
CUST0265,Tamara Mccarthy,4874.43,1,,4874.43
CUST0176,Robin Castaneda,4679.0,1,,4679.0
CUST0286,Rachel Padilla,4592.34,1,,4592.34
CUST0996,Sandra Richardson,4390.99,1,,4390.99
CUST0088,Taylor Gilbert,4232.4,2,,2116.2
CUST0772,Fred Eaton,4162.62,1,,4162.62
CUST0518,Sandra Hernandez,4087.43,2,,2043.72
CUST0067,Billy Rose,4084.31,1,,4084.31
CUST0997,Anna Barnes,4079.11,1,,4079.11
CUST0978,Brandon Lloyd,4056.97,1,,4056.97
CUST0058,Marilyn Terry,3965.3,2,,1982.65
CUST0760,Rebecca Hernandez,3737.79,1,,3737.79
CUST0987,Joshua Suarez,3733.6,1,,3733.6
CUST0313,Erik Hale,3626.29,3,,1208.76
CUST0219,Travis Hill,3599.26,1,,3599.26
CUST0079,Kelly Thomas,3346.4,1,,3346.4
CUST0993,Mindy Carter,3278.89,1,,3278.89
CUST0621,Derek Rivera,2672.53,1,,2672.53
CUST0391,Amy Coleman,2666.26,1,,2666.26
CUST0456,Mary Moreno,2444.11,1,,2444.11
CUST0197,Dawn Rubio,2098.6,1,,2098.6
CUST0885,Adam Mckinney,2075.13,1,,2075.13
CUST0016,Randall Norman,2033.73,1,,2033.73
CUST0507,Paula Cook,1996.66,1,,1996.66
CUST0230,Michael Padilla,1928.48,1,,1928.48
CUST0595,Stephanie Banks,1913.2,1,,1913.2
CUST0263,Brent Williams,1627.7,1,,1627.7
CUST0672,Christopher Green,1354.61,1,,1354.61
CUST0931,Teresa Miller,1297.77,1,,1297.77
CUST0209,Lauren Pierce,819.96,1,,819.96
CUST0363,Alexandra Kim,795.2,1,,795.2
CUST0524,Danielle Rocha,652.17,1,,652.17
CUST0428,Marisa Kelley,582.06,1,,582.06
CUST0653,Alan Gibson,439.01,1,,439.01
CUST0761,Christopher Lane,323.36,1,,323.36
CUST0156,Richard Nelson,208.44,1,,208.44
